Survived,Pclass,Name,Sex,Age,SibSp,Parch, Fare,Cabin,Embarked, Обоснования
0,2,"Gale,  Shadrach",male,34,1,0,21,,S, PassengerId	Удалить	Это просто уникальный номер, для анализа бесполезен
0,3,"Widegren,  Carl/Charles Peter",male,51,0,0,7.75,,S, Name	Извлечь Title, потом удалить	Само имя уникально, но из него можно взять титул: Mr, Mrs, Miss, Master
1,2,"Richards, Master. William Rowe",male,3,1,1,18.75,,S, Ticket	Удалить	Слишком много уникальных значений, мало полезной информации. Иногда можно извлечь префикс, но часто это шум
0,3,"Birkeland,  Hans Martin Monsen",male,21,0,0,7.775,,S
0,3,"Lefebre,  Ida",female,,3,1,25.4667,,S
0,3,"Sdycoff, Todor",male,,0,0,7.8958,,S
0,3,"Hart,  Henry",male,,0,0,6.8583,,Q
1,1,"Minahan, Daisy E",female,33,1,0,90,C78,Q
0,2,"Cunningham,  Alfred Fleming",male,,0,0,0,,S
1,3,"Sundman,  Johan Julian",male,44,0,0,STON/O 2. 7.925,,S
0,3,"Meek,  Thomas (Annie Louise Rowley)",female,,0,0,8.05,,S
1,2,"Drew,  James Vivian (Lulu Thorne Christian)",female,34,1,1,32.5,,S
1,2,"Silven,  Lyyli Karoliina",female,18,0,2,13,,S
0,2,"Matthews, William John",male,30,0,0,13,,S
0,3,"Van Impe,  Catharina",female,10,0,2,24.15,,S
0,3,"Gheorgheff,  Stanio",male,,0,0,7.8958,,C
0,3,"Charters,  David",male,21,0,0,A/5. 7.7333,,Q
0,3,"Zimmerman, Leo",male,29,0,0,7.875,,S
0,3,"Danbom,  Ernst Gilbert (Anna Sigrid Maria Brogren)",female,28,1,1,14.4,,S
0,3,"Rosblom,  Viktor Richard",male,18,1,1,20.2125,,S
0,3,"Wiseman,  Phillippe",male,,0,0,A/4. 7.25,,S
1,2,"Clarke,  Charles V (Ada Maria Winfield)",female,28,1,0,2003,26,,S
1,2,"Phillips,  Kate Florence (""Mrs Kate Louise Phillips Marshall"")",female,19,0,0,26,,S
0,3,"Flynn,  James",male,,0,0,7.75,,Q
1,3,"Pickard, Berk (Berk Trembisky)",male,32,0,0,SOTON/O.Q. 8.05,E10,S
1,1,"Bjornstrom-Steffansson, Mauritz Hakan",male,28,0,0,26.55,C52,S
1,3,"Thorneycroft, Percival (Florence Kate White)",female,,1,0,16.1,,S
1,2,"Louch, Charles Alexander (Alice Adelaide Slow)",female,42,1,0,SC/AH 3085,26,,S
0,3,"Kallio, Nikolai Erland",male,17,0,0,STON/O 2. 7.125,,S
